,name,constraint,owner
0,QCD_cen2bFail_LOW_bin_1-1,flatParam,QCD_cen2bFail
1,QCD_cen2bFail_LOW_bin_2-1,flatParam,QCD_cen2bFail
2,QCD_cen2bFail_LOW_bin_3-1,flatParam,QCD_cen2bFail
3,QCD_cen2bFail_LOW_bin_4-1,flatParam,QCD_cen2bFail
4,QCD_cen2bFail_LOW_bin_1-2,flatParam,QCD_cen2bFail
5,QCD_cen2bFail_LOW_bin_2-2,flatParam,QCD_cen2bFail
6,QCD_cen2bFail_LOW_bin_3-2,flatParam,QCD_cen2bFail
7,QCD_cen2bFail_LOW_bin_4-2,flatParam,QCD_cen2bFail
8,QCD_cen2bFail_LOW_bin_1-3,flatParam,QCD_cen2bFail
9,QCD_cen2bFail_LOW_bin_2-3,flatParam,QCD_cen2bFail
10,QCD_cen2bFail_LOW_bin_3-3,flatParam,QCD_cen2bFail
11,QCD_cen2bFail_LOW_bin_4-3,flatParam,QCD_cen2bFail
12,QCD_cen2bFail_LOW_bin_1-4,flatParam,QCD_cen2bFail
13,QCD_cen2bFail_LOW_bin_2-4,flatParam,QCD_cen2bFail
14,QCD_cen2bFail_LOW_bin_3-4,flatParam,QCD_cen2bFail
15,QCD_cen2bFail_LOW_bin_4-4,flatParam,QCD_cen2bFail
16,QCD_cen2bFail_LOW_bin_1-5,flatParam,QCD_cen2bFail
17,QCD_cen2bFail_LOW_bin_2-5,flatParam,QCD_cen2bFail
18,QCD_cen2bFail_LOW_bin_3-5,flatParam,QCD_cen2bFail
19,QCD_cen2bFail_LOW_bin_4-5,flatParam,QCD_cen2bFail
20,QCD_cen2bFail_LOW_bin_1-6,flatParam,QCD_cen2bFail
21,QCD_cen2bFail_LOW_bin_2-6,flatParam,QCD_cen2bFail
22,QCD_cen2bFail_LOW_bin_3-6,flatParam,QCD_cen2bFail
23,QCD_cen2bFail_LOW_bin_4-6,flatParam,QCD_cen2bFail
24,QCD_cen2bFail_LOW_bin_1-7,flatParam,QCD_cen2bFail
25,QCD_cen2bFail_LOW_bin_2-7,flatParam,QCD_cen2bFail
26,QCD_cen2bFail_LOW_bin_3-7,flatParam,QCD_cen2bFail
27,QCD_cen2bFail_LOW_bin_4-7,flatParam,QCD_cen2bFail
28,QCD_cen2bFail_LOW_bin_1-8,flatParam,QCD_cen2bFail
29,QCD_cen2bFail_LOW_bin_2-8,flatParam,QCD_cen2bFail
30,QCD_cen2bFail_LOW_bin_3-8,flatParam,QCD_cen2bFail
31,QCD_cen2bFail_LOW_bin_4-8,flatParam,QCD_cen2bFail
32,QCD_cen2bFail_LOW_bin_1-9,flatParam,QCD_cen2bFail
33,QCD_cen2bFail_LOW_bin_2-9,flatParam,QCD_cen2bFail
34,QCD_cen2bFail_LOW_bin_3-9,flatParam,QCD_cen2bFail
35,QCD_cen2bFail_LOW_bin_4-9,flatParam,QCD_cen2bFail
36,QCD_cen2bFail_LOW_bin_1-10,flatParam,QCD_cen2bFail
37,QCD_cen2bFail_LOW_bin_2-10,flatParam,QCD_cen2bFail
38,QCD_cen2bFail_LOW_bin_3-10,flatParam,QCD_cen2bFail
39,QCD_cen2bFail_LOW_bin_4-10,flatParam,QCD_cen2bFail
40,QCD_cen2bFail_LOW_bin_1-11,flatParam,QCD_cen2bFail
41,QCD_cen2bFail_LOW_bin_2-11,flatParam,QCD_cen2bFail
42,QCD_cen2bFail_LOW_bin_3-11,flatParam,QCD_cen2bFail
43,QCD_cen2bFail_LOW_bin_4-11,flatParam,QCD_cen2bFail
44,QCD_cen2bFail_LOW_bin_1-12,flatParam,QCD_cen2bFail
45,QCD_cen2bFail_LOW_bin_2-12,flatParam,QCD_cen2bFail
46,QCD_cen2bFail_LOW_bin_3-12,flatParam,QCD_cen2bFail
47,QCD_cen2bFail_LOW_bin_4-12,flatParam,QCD_cen2bFail
48,QCD_cen2bFail_LOW_bin_1-13,flatParam,QCD_cen2bFail
49,QCD_cen2bFail_LOW_bin_2-13,flatParam,QCD_cen2bFail
50,QCD_cen2bFail_LOW_bin_3-13,flatParam,QCD_cen2bFail
51,QCD_cen2bFail_LOW_bin_4-13,flatParam,QCD_cen2bFail
52,QCD_cen2bFail_LOW_bin_2-14,flatParam,QCD_cen2bFail
53,QCD_cen2bFail_LOW_bin_3-14,flatParam,QCD_cen2bFail
54,QCD_cen2bFail_SIG_bin_1-1,flatParam,QCD_cen2bFail
55,QCD_cen2bFail_SIG_bin_2-1,flatParam,QCD_cen2bFail
56,QCD_cen2bFail_SIG_bin_3-1,flatParam,QCD_cen2bFail
57,QCD_cen2bFail_SIG_bin_4-1,flatParam,QCD_cen2bFail
58,QCD_cen2bFail_SIG_bin_1-2,flatParam,QCD_cen2bFail
59,QCD_cen2bFail_SIG_bin_2-2,flatParam,QCD_cen2bFail
60,QCD_cen2bFail_SIG_bin_3-2,flatParam,QCD_cen2bFail
61,QCD_cen2bFail_SIG_bin_4-2,flatParam,QCD_cen2bFail
62,QCD_cen2bFail_SIG_bin_1-3,flatParam,QCD_cen2bFail
63,QCD_cen2bFail_SIG_bin_2-3,flatParam,QCD_cen2bFail
64,QCD_cen2bFail_SIG_bin_3-3,flatParam,QCD_cen2bFail
65,QCD_cen2bFail_SIG_bin_4-3,flatParam,QCD_cen2bFail
66,QCD_cen2bFail_SIG_bin_1-4,flatParam,QCD_cen2bFail
67,QCD_cen2bFail_SIG_bin_2-4,flatParam,QCD_cen2bFail
68,QCD_cen2bFail_SIG_bin_3-4,flatParam,QCD_cen2bFail
69,QCD_cen2bFail_SIG_bin_4-4,flatParam,QCD_cen2bFail
70,QCD_cen2bFail_SIG_bin_1-5,flatParam,QCD_cen2bFail
71,QCD_cen2bFail_SIG_bin_2-5,flatParam,QCD_cen2bFail
72,QCD_cen2bFail_SIG_bin_3-5,flatParam,QCD_cen2bFail
73,QCD_cen2bFail_SIG_bin_4-5,flatParam,QCD_cen2bFail
74,QCD_cen2bFail_SIG_bin_1-6,flatParam,QCD_cen2bFail
75,QCD_cen2bFail_SIG_bin_2-6,flatParam,QCD_cen2bFail
76,QCD_cen2bFail_SIG_bin_3-6,flatParam,QCD_cen2bFail
77,QCD_cen2bFail_SIG_bin_4-6,flatParam,QCD_cen2bFail
78,QCD_cen2bFail_SIG_bin_1-7,flatParam,QCD_cen2bFail
79,QCD_cen2bFail_SIG_bin_2-7,flatParam,QCD_cen2bFail
80,QCD_cen2bFail_SIG_bin_3-7,flatParam,QCD_cen2bFail
81,QCD_cen2bFail_SIG_bin_4-7,flatParam,QCD_cen2bFail
82,QCD_cen2bFail_SIG_bin_1-8,flatParam,QCD_cen2bFail
83,QCD_cen2bFail_SIG_bin_2-8,flatParam,QCD_cen2bFail
84,QCD_cen2bFail_SIG_bin_3-8,flatParam,QCD_cen2bFail
85,QCD_cen2bFail_SIG_bin_4-8,flatParam,QCD_cen2bFail
86,QCD_cen2bFail_SIG_bin_1-9,flatParam,QCD_cen2bFail
87,QCD_cen2bFail_SIG_bin_2-9,flatParam,QCD_cen2bFail
88,QCD_cen2bFail_SIG_bin_3-9,flatParam,QCD_cen2bFail
89,QCD_cen2bFail_SIG_bin_4-9,flatParam,QCD_cen2bFail
90,QCD_cen2bFail_SIG_bin_1-10,flatParam,QCD_cen2bFail
91,QCD_cen2bFail_SIG_bin_2-10,flatParam,QCD_cen2bFail
92,QCD_cen2bFail_SIG_bin_3-10,flatParam,QCD_cen2bFail
93,QCD_cen2bFail_SIG_bin_4-10,flatParam,QCD_cen2bFail
94,QCD_cen2bFail_SIG_bin_1-11,flatParam,QCD_cen2bFail
95,QCD_cen2bFail_SIG_bin_2-11,flatParam,QCD_cen2bFail
96,QCD_cen2bFail_SIG_bin_3-11,flatParam,QCD_cen2bFail
97,QCD_cen2bFail_HIGH_bin_1-1,flatParam,QCD_cen2bFail
98,QCD_cen2bFail_HIGH_bin_2-1,flatParam,QCD_cen2bFail
99,QCD_cen2bFail_HIGH_bin_3-1,flatParam,QCD_cen2bFail
100,QCD_cen2bFail_HIGH_bin_4-1,flatParam,QCD_cen2bFail
101,QCD_cen2bFail_HIGH_bin_5-1,flatParam,QCD_cen2bFail
102,QCD_cen2bFail_HIGH_bin_6-1,flatParam,QCD_cen2bFail
103,QCD_cen2bFail_HIGH_bin_1-2,flatParam,QCD_cen2bFail
104,QCD_cen2bFail_HIGH_bin_2-2,flatParam,QCD_cen2bFail
105,QCD_cen2bFail_HIGH_bin_3-2,flatParam,QCD_cen2bFail
106,QCD_cen2bFail_HIGH_bin_4-2,flatParam,QCD_cen2bFail
107,QCD_cen2bFail_HIGH_bin_5-2,flatParam,QCD_cen2bFail
108,QCD_cen2bFail_HIGH_bin_6-2,flatParam,QCD_cen2bFail
109,QCD_cen2bFail_HIGH_bin_7-2,flatParam,QCD_cen2bFail
110,QCD_cen2bFail_HIGH_bin_8-2,flatParam,QCD_cen2bFail
111,QCD_cen2bFail_HIGH_bin_9-2,flatParam,QCD_cen2bFail
112,QCD_cen2bFail_HIGH_bin_10-2,flatParam,QCD_cen2bFail
113,QCD_cen2bFail_HIGH_bin_1-3,flatParam,QCD_cen2bFail
114,QCD_cen2bFail_HIGH_bin_2-3,flatParam,QCD_cen2bFail
115,QCD_cen2bFail_HIGH_bin_3-3,flatParam,QCD_cen2bFail
116,QCD_cen2bFail_HIGH_bin_4-3,flatParam,QCD_cen2bFail
117,QCD_cen2bFail_HIGH_bin_5-3,flatParam,QCD_cen2bFail
118,QCD_cen2bFail_HIGH_bin_6-3,flatParam,QCD_cen2bFail
119,QCD_cen2bFail_HIGH_bin_7-3,flatParam,QCD_cen2bFail
120,QCD_cen2bFail_HIGH_bin_8-3,flatParam,QCD_cen2bFail
121,QCD_cen2bFail_HIGH_bin_9-3,flatParam,QCD_cen2bFail
122,QCD_cen2bFail_HIGH_bin_10-3,flatParam,QCD_cen2bFail
123,QCD_cen2bFail_HIGH_bin_1-4,flatParam,QCD_cen2bFail
124,QCD_cen2bFail_HIGH_bin_2-4,flatParam,QCD_cen2bFail
125,QCD_cen2bFail_HIGH_bin_3-4,flatParam,QCD_cen2bFail
126,QCD_cen2bFail_HIGH_bin_4-4,flatParam,QCD_cen2bFail
127,QCD_cen2bFail_HIGH_bin_5-4,flatParam,QCD_cen2bFail
128,QCD_cen2bFail_HIGH_bin_6-4,flatParam,QCD_cen2bFail
129,QCD_cen2bFail_HIGH_bin_7-4,flatParam,QCD_cen2bFail
130,QCD_cen2bFail_HIGH_bin_8-4,flatParam,QCD_cen2bFail
131,QCD_cen2bFail_HIGH_bin_9-4,flatParam,QCD_cen2bFail
132,QCD_cen2bFail_HIGH_bin_10-4,flatParam,QCD_cen2bFail
133,QCD_cen2bFail_HIGH_bin_1-5,flatParam,QCD_cen2bFail
134,QCD_cen2bFail_HIGH_bin_2-5,flatParam,QCD_cen2bFail
135,QCD_cen2bFail_HIGH_bin_3-5,flatParam,QCD_cen2bFail
136,QCD_cen2bFail_HIGH_bin_4-5,flatParam,QCD_cen2bFail
137,QCD_cen2bFail_HIGH_bin_5-5,flatParam,QCD_cen2bFail
138,QCD_cen2bFail_HIGH_bin_6-5,flatParam,QCD_cen2bFail
139,QCD_cen2bFail_HIGH_bin_7-5,flatParam,QCD_cen2bFail
140,QCD_cen2bFail_HIGH_bin_8-5,flatParam,QCD_cen2bFail
141,QCD_cen2bFail_HIGH_bin_9-5,flatParam,QCD_cen2bFail
142,QCD_cen2bFail_HIGH_bin_10-5,flatParam,QCD_cen2bFail
143,QCD_cen2bFail_HIGH_bin_1-6,flatParam,QCD_cen2bFail
144,QCD_cen2bFail_HIGH_bin_2-6,flatParam,QCD_cen2bFail
145,QCD_cen2bFail_HIGH_bin_3-6,flatParam,QCD_cen2bFail
146,QCD_cen2bFail_HIGH_bin_4-6,flatParam,QCD_cen2bFail
147,QCD_cen2bFail_HIGH_bin_5-6,flatParam,QCD_cen2bFail
148,QCD_cen2bFail_HIGH_bin_6-6,flatParam,QCD_cen2bFail
149,QCD_cen2bFail_HIGH_bin_7-6,flatParam,QCD_cen2bFail
150,QCD_cen2bFail_HIGH_bin_8-6,flatParam,QCD_cen2bFail
151,QCD_cen2bFail_HIGH_bin_9-6,flatParam,QCD_cen2bFail
152,QCD_cen2bFail_HIGH_bin_10-6,flatParam,QCD_cen2bFail
153,QCD_cen2bFail_HIGH_bin_1-7,flatParam,QCD_cen2bFail
154,QCD_cen2bFail_HIGH_bin_2-7,flatParam,QCD_cen2bFail
155,QCD_cen2bFail_HIGH_bin_3-7,flatParam,QCD_cen2bFail
156,QCD_cen2bFail_HIGH_bin_4-7,flatParam,QCD_cen2bFail
157,QCD_cen2bFail_HIGH_bin_5-7,flatParam,QCD_cen2bFail
158,QCD_cen2bFail_HIGH_bin_6-7,flatParam,QCD_cen2bFail
159,QCD_cen2bFail_HIGH_bin_7-7,flatParam,QCD_cen2bFail
160,QCD_cen2bFail_HIGH_bin_8-7,flatParam,QCD_cen2bFail
161,QCD_cen2bFail_HIGH_bin_9-7,flatParam,QCD_cen2bFail
162,QCD_cen2bFail_HIGH_bin_10-7,flatParam,QCD_cen2bFail
163,QCD_cen2bFail_HIGH_bin_1-8,flatParam,QCD_cen2bFail
164,QCD_cen2bFail_HIGH_bin_2-8,flatParam,QCD_cen2bFail
165,QCD_cen2bFail_HIGH_bin_3-8,flatParam,QCD_cen2bFail
166,QCD_cen2bFail_HIGH_bin_4-8,flatParam,QCD_cen2bFail
167,QCD_cen2bFail_HIGH_bin_5-8,flatParam,QCD_cen2bFail
168,QCD_cen2bFail_HIGH_bin_6-8,flatParam,QCD_cen2bFail
169,QCD_cen2bFail_HIGH_bin_7-8,flatParam,QCD_cen2bFail
170,QCD_cen2bFail_HIGH_bin_8-8,flatParam,QCD_cen2bFail
171,QCD_cen2bFail_HIGH_bin_9-8,flatParam,QCD_cen2bFail
172,QCD_cen2bFail_HIGH_bin_10-8,flatParam,QCD_cen2bFail
173,QCD_cen2bFail_HIGH_bin_1-9,flatParam,QCD_cen2bFail
174,QCD_cen2bFail_HIGH_bin_2-9,flatParam,QCD_cen2bFail
175,QCD_cen2bFail_HIGH_bin_3-9,flatParam,QCD_cen2bFail
176,QCD_cen2bFail_HIGH_bin_4-9,flatParam,QCD_cen2bFail
177,QCD_cen2bFail_HIGH_bin_5-9,flatParam,QCD_cen2bFail
178,QCD_cen2bFail_HIGH_bin_6-9,flatParam,QCD_cen2bFail
179,QCD_cen2bFail_HIGH_bin_7-9,flatParam,QCD_cen2bFail
180,QCD_cen2bFail_HIGH_bin_8-9,flatParam,QCD_cen2bFail
181,QCD_cen2bFail_HIGH_bin_9-9,flatParam,QCD_cen2bFail
182,QCD_cen2bFail_HIGH_bin_1-10,flatParam,QCD_cen2bFail
183,QCD_cen2bFail_HIGH_bin_2-10,flatParam,QCD_cen2bFail
184,QCD_cen2bFail_HIGH_bin_3-10,flatParam,QCD_cen2bFail
185,QCD_cen2bFail_HIGH_bin_5-10,flatParam,QCD_cen2bFail
186,QCD_cen2bFail_HIGH_bin_6-10,flatParam,QCD_cen2bFail
187,QCD_cen2bFail_HIGH_bin_7-10,flatParam,QCD_cen2bFail
188,QCD_cen2bFail_HIGH_bin_8-10,flatParam,QCD_cen2bFail
189,QCD_cen2bFail_HIGH_bin_1-11,flatParam,QCD_cen2bFail
190,QCD_cen2bFail_HIGH_bin_2-11,flatParam,QCD_cen2bFail
191,QCD_cen2bFail_HIGH_bin_3-11,flatParam,QCD_cen2bFail
192,QCD_cen2bFail_HIGH_bin_4-11,flatParam,QCD_cen2bFail
193,QCD_cen2bFail_HIGH_bin_6-11,flatParam,QCD_cen2bFail
194,QCD_cen2bFail_HIGH_bin_7-11,flatParam,QCD_cen2bFail
195,QCD_cen2bFail_HIGH_bin_8-11,flatParam,QCD_cen2bFail
196,QCD_cen2bFail_HIGH_bin_2-12,flatParam,QCD_cen2bFail
197,QCD_cen2bFail_HIGH_bin_3-12,flatParam,QCD_cen2bFail
198,QCD_cen2bFail_HIGH_bin_4-12,flatParam,QCD_cen2bFail
199,QCD_cen2bFail_HIGH_bin_2-13,flatParam,QCD_cen2bFail
200,QCD_cen2bFail_HIGH_bin_3-13,flatParam,QCD_cen2bFail
201,QCD_cen2bFail_LOW_bin_1-1,flatParam,QCD_cen2bPass
202,QCD_cen2bFail_LOW_bin_2-1,flatParam,QCD_cen2bPass
203,QCD_cen2bFail_LOW_bin_3-1,flatParam,QCD_cen2bPass
204,QCD_cen2bFail_LOW_bin_4-1,flatParam,QCD_cen2bPass
205,QCD_cen2bFail_LOW_bin_1-2,flatParam,QCD_cen2bPass
206,QCD_cen2bFail_LOW_bin_2-2,flatParam,QCD_cen2bPass
207,QCD_cen2bFail_LOW_bin_3-2,flatParam,QCD_cen2bPass
208,QCD_cen2bFail_LOW_bin_4-2,flatParam,QCD_cen2bPass
209,QCD_cen2bFail_LOW_bin_1-3,flatParam,QCD_cen2bPass
210,QCD_cen2bFail_LOW_bin_2-3,flatParam,QCD_cen2bPass
211,QCD_cen2bFail_LOW_bin_3-3,flatParam,QCD_cen2bPass
212,QCD_cen2bFail_LOW_bin_4-3,flatParam,QCD_cen2bPass
213,QCD_cen2bFail_LOW_bin_1-4,flatParam,QCD_cen2bPass
214,QCD_cen2bFail_LOW_bin_2-4,flatParam,QCD_cen2bPass
215,QCD_cen2bFail_LOW_bin_3-4,flatParam,QCD_cen2bPass
216,QCD_cen2bFail_LOW_bin_4-4,flatParam,QCD_cen2bPass
217,QCD_cen2bFail_LOW_bin_1-5,flatParam,QCD_cen2bPass
218,QCD_cen2bFail_LOW_bin_2-5,flatParam,QCD_cen2bPass
219,QCD_cen2bFail_LOW_bin_3-5,flatParam,QCD_cen2bPass
220,QCD_cen2bFail_LOW_bin_4-5,flatParam,QCD_cen2bPass
221,QCD_cen2bFail_LOW_bin_1-6,flatParam,QCD_cen2bPass
222,QCD_cen2bFail_LOW_bin_2-6,flatParam,QCD_cen2bPass
223,QCD_cen2bFail_LOW_bin_3-6,flatParam,QCD_cen2bPass
224,QCD_cen2bFail_LOW_bin_4-6,flatParam,QCD_cen2bPass
225,QCD_cen2bFail_LOW_bin_1-7,flatParam,QCD_cen2bPass
226,QCD_cen2bFail_LOW_bin_2-7,flatParam,QCD_cen2bPass
227,QCD_cen2bFail_LOW_bin_3-7,flatParam,QCD_cen2bPass
228,QCD_cen2bFail_LOW_bin_4-7,flatParam,QCD_cen2bPass
229,QCD_cen2bFail_LOW_bin_1-8,flatParam,QCD_cen2bPass
230,QCD_cen2bFail_LOW_bin_2-8,flatParam,QCD_cen2bPass
231,QCD_cen2bFail_LOW_bin_3-8,flatParam,QCD_cen2bPass
232,QCD_cen2bFail_LOW_bin_4-8,flatParam,QCD_cen2bPass
233,QCD_cen2bFail_LOW_bin_1-9,flatParam,QCD_cen2bPass
234,QCD_cen2bFail_LOW_bin_2-9,flatParam,QCD_cen2bPass
235,QCD_cen2bFail_LOW_bin_3-9,flatParam,QCD_cen2bPass
236,QCD_cen2bFail_LOW_bin_4-9,flatParam,QCD_cen2bPass
237,QCD_cen2bFail_LOW_bin_1-10,flatParam,QCD_cen2bPass
238,QCD_cen2bFail_LOW_bin_2-10,flatParam,QCD_cen2bPass
239,QCD_cen2bFail_LOW_bin_3-10,flatParam,QCD_cen2bPass
240,QCD_cen2bFail_LOW_bin_4-10,flatParam,QCD_cen2bPass
241,QCD_cen2bFail_LOW_bin_1-11,flatParam,QCD_cen2bPass
242,QCD_cen2bFail_LOW_bin_2-11,flatParam,QCD_cen2bPass
243,QCD_cen2bFail_LOW_bin_3-11,flatParam,QCD_cen2bPass
244,QCD_cen2bFail_LOW_bin_4-11,flatParam,QCD_cen2bPass
245,QCD_cen2bFail_LOW_bin_1-12,flatParam,QCD_cen2bPass
246,QCD_cen2bFail_LOW_bin_2-12,flatParam,QCD_cen2bPass
247,QCD_cen2bFail_LOW_bin_3-12,flatParam,QCD_cen2bPass
248,QCD_cen2bFail_LOW_bin_4-12,flatParam,QCD_cen2bPass
249,QCD_cen2bFail_LOW_bin_1-13,flatParam,QCD_cen2bPass
250,QCD_cen2bFail_LOW_bin_2-13,flatParam,QCD_cen2bPass
251,QCD_cen2bFail_LOW_bin_3-13,flatParam,QCD_cen2bPass
252,QCD_cen2bFail_LOW_bin_4-13,flatParam,QCD_cen2bPass
253,QCD_cen2bFail_LOW_bin_2-14,flatParam,QCD_cen2bPass
254,QCD_cen2bFail_LOW_bin_3-14,flatParam,QCD_cen2bPass
255,QCD_cen2bFail_SIG_bin_1-1,flatParam,QCD_cen2bPass
256,QCD_cen2bFail_SIG_bin_2-1,flatParam,QCD_cen2bPass
257,QCD_cen2bFail_SIG_bin_3-1,flatParam,QCD_cen2bPass
258,QCD_cen2bFail_SIG_bin_4-1,flatParam,QCD_cen2bPass
259,QCD_cen2bFail_SIG_bin_1-2,flatParam,QCD_cen2bPass
260,QCD_cen2bFail_SIG_bin_2-2,flatParam,QCD_cen2bPass
261,QCD_cen2bFail_SIG_bin_3-2,flatParam,QCD_cen2bPass
262,QCD_cen2bFail_SIG_bin_4-2,flatParam,QCD_cen2bPass
263,QCD_cen2bFail_SIG_bin_1-3,flatParam,QCD_cen2bPass
264,QCD_cen2bFail_SIG_bin_2-3,flatParam,QCD_cen2bPass
265,QCD_cen2bFail_SIG_bin_3-3,flatParam,QCD_cen2bPass
266,QCD_cen2bFail_SIG_bin_4-3,flatParam,QCD_cen2bPass
267,QCD_cen2bFail_SIG_bin_1-4,flatParam,QCD_cen2bPass
268,QCD_cen2bFail_SIG_bin_2-4,flatParam,QCD_cen2bPass
269,QCD_cen2bFail_SIG_bin_3-4,flatParam,QCD_cen2bPass
270,QCD_cen2bFail_SIG_bin_4-4,flatParam,QCD_cen2bPass
271,QCD_cen2bFail_SIG_bin_1-5,flatParam,QCD_cen2bPass
272,QCD_cen2bFail_SIG_bin_2-5,flatParam,QCD_cen2bPass
273,QCD_cen2bFail_SIG_bin_3-5,flatParam,QCD_cen2bPass
274,QCD_cen2bFail_SIG_bin_4-5,flatParam,QCD_cen2bPass
275,QCD_cen2bFail_SIG_bin_1-6,flatParam,QCD_cen2bPass
276,QCD_cen2bFail_SIG_bin_2-6,flatParam,QCD_cen2bPass
277,QCD_cen2bFail_SIG_bin_3-6,flatParam,QCD_cen2bPass
278,QCD_cen2bFail_SIG_bin_4-6,flatParam,QCD_cen2bPass
279,QCD_cen2bFail_SIG_bin_1-7,flatParam,QCD_cen2bPass
280,QCD_cen2bFail_SIG_bin_2-7,flatParam,QCD_cen2bPass
281,QCD_cen2bFail_SIG_bin_3-7,flatParam,QCD_cen2bPass
282,QCD_cen2bFail_SIG_bin_4-7,flatParam,QCD_cen2bPass
283,QCD_cen2bFail_SIG_bin_1-8,flatParam,QCD_cen2bPass
284,QCD_cen2bFail_SIG_bin_2-8,flatParam,QCD_cen2bPass
285,QCD_cen2bFail_SIG_bin_3-8,flatParam,QCD_cen2bPass
286,QCD_cen2bFail_SIG_bin_4-8,flatParam,QCD_cen2bPass
287,QCD_cen2bFail_SIG_bin_1-9,flatParam,QCD_cen2bPass
288,QCD_cen2bFail_SIG_bin_2-9,flatParam,QCD_cen2bPass
289,QCD_cen2bFail_SIG_bin_3-9,flatParam,QCD_cen2bPass
290,QCD_cen2bFail_SIG_bin_4-9,flatParam,QCD_cen2bPass
291,QCD_cen2bFail_SIG_bin_1-10,flatParam,QCD_cen2bPass
292,QCD_cen2bFail_SIG_bin_2-10,flatParam,QCD_cen2bPass
293,QCD_cen2bFail_SIG_bin_3-10,flatParam,QCD_cen2bPass
294,QCD_cen2bFail_SIG_bin_4-10,flatParam,QCD_cen2bPass
295,QCD_cen2bFail_SIG_bin_1-11,flatParam,QCD_cen2bPass
296,QCD_cen2bFail_SIG_bin_2-11,flatParam,QCD_cen2bPass
297,QCD_cen2bFail_SIG_bin_3-11,flatParam,QCD_cen2bPass
298,QCD_cen2bFail_HIGH_bin_1-1,flatParam,QCD_cen2bPass
299,QCD_cen2bFail_HIGH_bin_2-1,flatParam,QCD_cen2bPass
300,QCD_cen2bFail_HIGH_bin_3-1,flatParam,QCD_cen2bPass
301,QCD_cen2bFail_HIGH_bin_4-1,flatParam,QCD_cen2bPass
302,QCD_cen2bFail_HIGH_bin_5-1,flatParam,QCD_cen2bPass
303,QCD_cen2bFail_HIGH_bin_6-1,flatParam,QCD_cen2bPass
304,QCD_cen2bFail_HIGH_bin_1-2,flatParam,QCD_cen2bPass
305,QCD_cen2bFail_HIGH_bin_2-2,flatParam,QCD_cen2bPass
306,QCD_cen2bFail_HIGH_bin_3-2,flatParam,QCD_cen2bPass
307,QCD_cen2bFail_HIGH_bin_4-2,flatParam,QCD_cen2bPass
308,QCD_cen2bFail_HIGH_bin_5-2,flatParam,QCD_cen2bPass
309,QCD_cen2bFail_HIGH_bin_6-2,flatParam,QCD_cen2bPass
310,QCD_cen2bFail_HIGH_bin_7-2,flatParam,QCD_cen2bPass
311,QCD_cen2bFail_HIGH_bin_8-2,flatParam,QCD_cen2bPass
312,QCD_cen2bFail_HIGH_bin_9-2,flatParam,QCD_cen2bPass
313,QCD_cen2bFail_HIGH_bin_10-2,flatParam,QCD_cen2bPass
314,QCD_cen2bFail_HIGH_bin_1-3,flatParam,QCD_cen2bPass
315,QCD_cen2bFail_HIGH_bin_2-3,flatParam,QCD_cen2bPass
316,QCD_cen2bFail_HIGH_bin_3-3,flatParam,QCD_cen2bPass
317,QCD_cen2bFail_HIGH_bin_4-3,flatParam,QCD_cen2bPass
318,QCD_cen2bFail_HIGH_bin_5-3,flatParam,QCD_cen2bPass
319,QCD_cen2bFail_HIGH_bin_6-3,flatParam,QCD_cen2bPass
320,QCD_cen2bFail_HIGH_bin_7-3,flatParam,QCD_cen2bPass
321,QCD_cen2bFail_HIGH_bin_8-3,flatParam,QCD_cen2bPass
322,QCD_cen2bFail_HIGH_bin_9-3,flatParam,QCD_cen2bPass
323,QCD_cen2bFail_HIGH_bin_10-3,flatParam,QCD_cen2bPass
324,QCD_cen2bFail_HIGH_bin_1-4,flatParam,QCD_cen2bPass
325,QCD_cen2bFail_HIGH_bin_2-4,flatParam,QCD_cen2bPass
326,QCD_cen2bFail_HIGH_bin_3-4,flatParam,QCD_cen2bPass
327,QCD_cen2bFail_HIGH_bin_4-4,flatParam,QCD_cen2bPass
328,QCD_cen2bFail_HIGH_bin_5-4,flatParam,QCD_cen2bPass
329,QCD_cen2bFail_HIGH_bin_6-4,flatParam,QCD_cen2bPass
330,QCD_cen2bFail_HIGH_bin_7-4,flatParam,QCD_cen2bPass
331,QCD_cen2bFail_HIGH_bin_8-4,flatParam,QCD_cen2bPass
332,QCD_cen2bFail_HIGH_bin_9-4,flatParam,QCD_cen2bPass
333,QCD_cen2bFail_HIGH_bin_10-4,flatParam,QCD_cen2bPass
334,QCD_cen2bFail_HIGH_bin_1-5,flatParam,QCD_cen2bPass
335,QCD_cen2bFail_HIGH_bin_2-5,flatParam,QCD_cen2bPass
336,QCD_cen2bFail_HIGH_bin_3-5,flatParam,QCD_cen2bPass
337,QCD_cen2bFail_HIGH_bin_4-5,flatParam,QCD_cen2bPass
338,QCD_cen2bFail_HIGH_bin_5-5,flatParam,QCD_cen2bPass
339,QCD_cen2bFail_HIGH_bin_6-5,flatParam,QCD_cen2bPass
340,QCD_cen2bFail_HIGH_bin_7-5,flatParam,QCD_cen2bPass
341,QCD_cen2bFail_HIGH_bin_8-5,flatParam,QCD_cen2bPass
342,QCD_cen2bFail_HIGH_bin_9-5,flatParam,QCD_cen2bPass
343,QCD_cen2bFail_HIGH_bin_10-5,flatParam,QCD_cen2bPass
344,QCD_cen2bFail_HIGH_bin_1-6,flatParam,QCD_cen2bPass
345,QCD_cen2bFail_HIGH_bin_2-6,flatParam,QCD_cen2bPass
346,QCD_cen2bFail_HIGH_bin_3-6,flatParam,QCD_cen2bPass
347,QCD_cen2bFail_HIGH_bin_4-6,flatParam,QCD_cen2bPass
348,QCD_cen2bFail_HIGH_bin_5-6,flatParam,QCD_cen2bPass
349,QCD_cen2bFail_HIGH_bin_6-6,flatParam,QCD_cen2bPass
350,QCD_cen2bFail_HIGH_bin_7-6,flatParam,QCD_cen2bPass
351,QCD_cen2bFail_HIGH_bin_8-6,flatParam,QCD_cen2bPass
352,QCD_cen2bFail_HIGH_bin_9-6,flatParam,QCD_cen2bPass
353,QCD_cen2bFail_HIGH_bin_10-6,flatParam,QCD_cen2bPass
354,QCD_cen2bFail_HIGH_bin_1-7,flatParam,QCD_cen2bPass
355,QCD_cen2bFail_HIGH_bin_2-7,flatParam,QCD_cen2bPass
356,QCD_cen2bFail_HIGH_bin_3-7,flatParam,QCD_cen2bPass
357,QCD_cen2bFail_HIGH_bin_4-7,flatParam,QCD_cen2bPass
358,QCD_cen2bFail_HIGH_bin_5-7,flatParam,QCD_cen2bPass
359,QCD_cen2bFail_HIGH_bin_6-7,flatParam,QCD_cen2bPass
360,QCD_cen2bFail_HIGH_bin_7-7,flatParam,QCD_cen2bPass
361,QCD_cen2bFail_HIGH_bin_8-7,flatParam,QCD_cen2bPass
362,QCD_cen2bFail_HIGH_bin_9-7,flatParam,QCD_cen2bPass
363,QCD_cen2bFail_HIGH_bin_10-7,flatParam,QCD_cen2bPass
364,QCD_cen2bFail_HIGH_bin_1-8,flatParam,QCD_cen2bPass
365,QCD_cen2bFail_HIGH_bin_2-8,flatParam,QCD_cen2bPass
366,QCD_cen2bFail_HIGH_bin_3-8,flatParam,QCD_cen2bPass
367,QCD_cen2bFail_HIGH_bin_4-8,flatParam,QCD_cen2bPass
368,QCD_cen2bFail_HIGH_bin_5-8,flatParam,QCD_cen2bPass
369,QCD_cen2bFail_HIGH_bin_6-8,flatParam,QCD_cen2bPass
370,QCD_cen2bFail_HIGH_bin_7-8,flatParam,QCD_cen2bPass
371,QCD_cen2bFail_HIGH_bin_8-8,flatParam,QCD_cen2bPass
372,QCD_cen2bFail_HIGH_bin_9-8,flatParam,QCD_cen2bPass
373,QCD_cen2bFail_HIGH_bin_10-8,flatParam,QCD_cen2bPass
374,QCD_cen2bFail_HIGH_bin_1-9,flatParam,QCD_cen2bPass
375,QCD_cen2bFail_HIGH_bin_2-9,flatParam,QCD_cen2bPass
376,QCD_cen2bFail_HIGH_bin_3-9,flatParam,QCD_cen2bPass
377,QCD_cen2bFail_HIGH_bin_4-9,flatParam,QCD_cen2bPass
378,QCD_cen2bFail_HIGH_bin_5-9,flatParam,QCD_cen2bPass
379,QCD_cen2bFail_HIGH_bin_6-9,flatParam,QCD_cen2bPass
380,QCD_cen2bFail_HIGH_bin_7-9,flatParam,QCD_cen2bPass
381,QCD_cen2bFail_HIGH_bin_8-9,flatParam,QCD_cen2bPass
382,QCD_cen2bFail_HIGH_bin_9-9,flatParam,QCD_cen2bPass
383,QCD_cen2bFail_HIGH_bin_1-10,flatParam,QCD_cen2bPass
384,QCD_cen2bFail_HIGH_bin_2-10,flatParam,QCD_cen2bPass
385,QCD_cen2bFail_HIGH_bin_3-10,flatParam,QCD_cen2bPass
386,QCD_cen2bFail_HIGH_bin_5-10,flatParam,QCD_cen2bPass
387,QCD_cen2bFail_HIGH_bin_6-10,flatParam,QCD_cen2bPass
388,QCD_cen2bFail_HIGH_bin_7-10,flatParam,QCD_cen2bPass
389,QCD_cen2bFail_HIGH_bin_8-10,flatParam,QCD_cen2bPass
390,QCD_cen2bFail_HIGH_bin_1-11,flatParam,QCD_cen2bPass
391,QCD_cen2bFail_HIGH_bin_2-11,flatParam,QCD_cen2bPass
392,QCD_cen2bFail_HIGH_bin_3-11,flatParam,QCD_cen2bPass
393,QCD_cen2bFail_HIGH_bin_4-11,flatParam,QCD_cen2bPass
394,QCD_cen2bFail_HIGH_bin_6-11,flatParam,QCD_cen2bPass
395,QCD_cen2bFail_HIGH_bin_7-11,flatParam,QCD_cen2bPass
396,QCD_cen2bFail_HIGH_bin_8-11,flatParam,QCD_cen2bPass
397,QCD_cen2bFail_HIGH_bin_2-12,flatParam,QCD_cen2bPass
398,QCD_cen2bFail_HIGH_bin_3-12,flatParam,QCD_cen2bPass
399,QCD_cen2bFail_HIGH_bin_4-12,flatParam,QCD_cen2bPass
400,QCD_cen2bFail_HIGH_bin_2-13,flatParam,QCD_cen2bPass
401,QCD_cen2bFail_HIGH_bin_3-13,flatParam,QCD_cen2bPass
402,QCD_cen2brpf_par0,flatParam,QCD_cen2bPass
403,QCD_cen2brpf_par1,flatParam,QCD_cen2bPass
404,QCD_cen2brpf_par2,flatParam,QCD_cen2bPass
405,QCD_cen2brpf_par3,flatParam,QCD_cen2bPass
406,QCD_cen2brpf_par4,flatParam,QCD_cen2bPass
